{
  "training_config": {
    "env_name": "CartPole-v1",
    "max_episode_length": 500,
    "group_size": 8,
    "num_groups": 4,
    "group_update_frequency": 10,
    "learning_rate": 0.0003,
    "gamma": 0.99,
    "lambda_gae": 0.95,
    "clip_ratio": 0.2,
    "value_loss_coef": 0.5,
    "entropy_coef": 0.01,
    "num_episodes": 50,
    "batch_size": 64,
    "num_epochs": 4,
    "noise_std": 0.1,
    "transition_noise": 0.05,
    "reward_noise": 0.02,
    "log_interval": 50,
    "save_interval": 100,
    "log_dir": "logs"
  },
  "final_statistics": {
    "total_episodes": 50,
    "final_avg_reward": 25.3608341217041,
    "final_avg_length": 23.3,
    "max_reward": 67.45768737792969,
    "min_reward": 9.766977310180664,
    "reward_std": 11.134838104248047,
    "final_group_performances": [
      0.0,
      26.393679779269927,
      0.0,
      0.0
    ],
    "best_group": 1
  },
  "training_curves": {
    "episode_rewards": [
      11.921775817871094,
      18.49822425842285,
      24.055360794067383,
      22.93592071533203,
      43.799034118652344,
      39.345489501953125,
      39.367820739746094,
      18.539133071899414,
      10.770337104797363,
      14.052078247070312,
      21.74609375,
      44.784515380859375,
      30.568572998046875,
      20.71407699584961,
      9.766977310180664,
      15.208956718444824,
      26.216611862182617,
      16.435991287231445,
      19.60508155822754,
      16.403873443603516,
      31.777238845825195,
      42.5057373046875,
      31.615982055664062,
      41.52764129638672,
      28.465267181396484,
      27.33574867248535,
      17.471519470214844,
      23.917619705200195,
      22.969890594482422,
      27.2318115234375,
      25.148216247558594,
      15.212092399597168,
      16.377017974853516,
      37.09146499633789,
      14.146468162536621,
      28.443443298339844,
      17.45598793029785,
      35.09911346435547,
      27.191991806030273,
      15.216198921203613,
      32.692115783691406,
      15.239073753356934,
      30.645673751831055,
      18.577228546142578,
      16.360183715820312,
      67.45768737792969,
      13.036821365356445,
      38.368534088134766,
      21.80337142944336,
      22.92465591430664
    ],
    "episode_lengths": [
      11,
      17,
      22,
      21,
      40,
      36,
      36,
      17,
      10,
      13,
      20,
      41,
      29,
      19,
      9,
      14,
      24,
      15,
      18,
      15,
      29,
      39,
      29,
      39,
      26,
      25,
      16,
      22,
      21,
      25,
      23,
      14,
      15,
      34,
      13,
      26,
      16,
      32,
      25,
      14,
      30,
      15,
      28,
      17,
      15,
      62,
      12,
      35,
      20,
      21
    ],
    "group_performances_history": [
      [
        0.0,
        1.192177653312683,
        0.0,
        0.0
      ],
      [
        0.0,
        2.922782289981842,
        0.0,
        0.0
      ],
      [
        0.0,
        5.036040235757827,
        0.0,
        0.0
      ],
      [
        0.0,
        6.8260284267663955,
        0.0,
        0.0
      ],
      [
        0.0,
        10.523328900587558,
        0.0,
        0.0
      ],
      [
        0.0,
        13.405545103775262,
        0.0,
        0.0
      ],
      [
        0.0,
        16.001772715056063,
        0.0,
        0.0
      ],
      [
        0.0,
        16.255508750740397,
        0.0,
        0.0
      ],
      [
        0.0,
        15.70699163382981,
        0.0,
        0.0
      ],
      [
        0.0,
        15.541500342837576,
        0.0,
        0.0
      ],
      [
        0.0,
        16.161959731237534,
        0.0,
        0.0
      ],
      [
        0.0,
        19.02421548693458,
        0.0,
        0.0
      ],
      [
        0.0,
        20.178651285729526,
        0.0,
        0.0
      ],
      [
        0.0,
        20.232193952108965,
        0.0,
        0.0
      ],
      [
        0.0,
        19.185672299837066,
        0.0,
        0.0
      ],
      [
        0.0,
        18.78800078938156,
        0.0,
        0.0
      ],
      [
        0.0,
        19.530861896661666,
        0.0,
        0.0
      ],
      [
        0.0,
        19.221374859560502,
        0.0,
        0.0
      ],
      [
        0.0,
        19.25974560095278,
        0.0,
        0.0
      ],
      [
        0.0,
        18.974158456743428,
        0.0,
        0.0
      ],
      [
        0.0,
        20.254466495651606,
        0.0,
        0.0
      ],
      [
        0.0,
        22.479593481187763,
        0.0,
        0.0
      ],
      [
        0.0,
        23.393232338635393,
        0.0,
        0.0
      ],
      [
        0.0,
        25.20667342514539,
        0.0,
        0.0
      ],
      [
        0.0,
        25.532532943821646,
        0.0,
        0.0
      ],
      [
        0.0,
        25.71285451668802,
        0.0,
        0.0
      ],
      [
        0.0,
        24.88872103588256,
        0.0,
        0.0
      ],
      [
        0.0,
        24.79161095049804,
        0.0,
        0.0
      ],
      [
        0.0,
        24.609439057947625,
        0.0,
        0.0
      ],
      [
        0.0,
        24.871676399864047,
        0.0,
        0.0
      ],
      [
        0.0,
        24.89933052768465,
        0.0,
        0.0
      ],
      [
        0.0,
        23.930606714875903,
        0.0,
        0.0
      ],
      [
        0.0,
        23.17524791239924,
        0.0,
        0.0
      ],
      [
        0.0,
        24.566869620793106,
        0.0,
        0.0
      ],
      [
        0.0,
        23.524829522651174,
        0.0,
        0.0
      ],
      [
        0.0,
        24.016690947903758,
        0.0,
        0.0
      ],
      [
        0.0,
        23.36062064614317,
        0.0,
        0.0
      ],
      [
        0.0,
        24.53446988028068,
        0.0,
        0.0
      ],
      [
        0.0,
        24.800222072855643,
        0.0,
        0.0
      ],
      [
        0.0,
        23.841819781532298,
        0.0,
        0.0
      ],
      [
        0.0,
        24.726849334064493,
        0.0,
        0.0
      ],
      [
        0.0,
        23.778071823677454,
        0.0,
        0.0
      ],
      [
        0.0,
        24.464831968809097,
        0.0,
        0.0
      ],
      [
        0.0,
        23.876071650384304,
        0.0,
        0.0
      ],
      [
        0.0,
        23.124482880769765,
        0.0,
        0.0
      ],
      [
        0.0,
        27.557803616588053,
        0.0,
        0.0
      ],
      [
        0.0,
        26.105705462990468,
        0.0,
        0.0
      ],
      [
        0.0,
        27.331988420872328,
        0.0,
        0.0
      ],
      [
        0.0,
        26.779126769413146,
        0.0,
        0.0
      ],
      [
        0.0,
        26.393679779269927,
        0.0,
        0.0
      ]
    ]
  }
}