{
  "training_config": {
    "env_name": "CartPole-v1",
    "max_episode_length": 500,
    "group_size": 8,
    "num_groups": 4,
    "group_update_frequency": 10,
    "learning_rate": 0.0003,
    "gamma": 0.99,
    "lambda_gae": 0.95,
    "clip_ratio": 0.2,
    "value_loss_coef": 0.5,
    "entropy_coef": 0.01,
    "num_episodes": 50,
    "batch_size": 64,
    "num_epochs": 4,
    "noise_std": 0.1,
    "transition_noise": 0.05,
    "reward_noise": 0.02,
    "log_interval": 50,
    "save_interval": 100,
    "log_dir": "logs"
  },
  "final_statistics": {
    "total_episodes": 50,
    "final_avg_reward": 26.22063446044922,
    "final_avg_length": 24.18,
    "max_reward": 68.65583038330078,
    "min_reward": 10.89634895324707,
    "reward_std": 11.900848388671875,
    "final_group_performances": [
      0.0,
      26.391397365606153,
      0.0,
      0.0
    ],
    "best_group": 1
  },
  "training_curves": {
    "episode_rewards": [
      33.67786407470703,
      27.257070541381836,
      19.603076934814453,
      29.508508682250977,
      64.38021850585938,
      16.392723083496094,
      20.743711471557617,
      27.369016647338867,
      25.26966094970703,
      15.306632041931152,
      27.225414276123047,
      38.29927062988281,
      24.026931762695312,
      11.911581039428711,
      21.914278030395508,
      25.016347885131836,
      20.61388397216797,
      26.1976318359375,
      19.66449546813965,
      21.898910522460938,
      35.87361145019531,
      14.086858749389648,
      68.65583038330078,
      21.9003963470459,
      26.175399780273438,
      25.206045150756836,
      29.568336486816406,
      10.89634895324707,
      20.730525970458984,
      21.874805450439453,
      44.8835563659668,
      10.929170608520508,
      19.562044143676758,
      15.220556259155273,
      38.193511962890625,
      28.315086364746094,
      22.93800926208496,
      26.110618591308594,
      30.638784408569336,
      16.354106903076172,
      20.716997146606445,
      15.256319046020508,
      13.022470474243164,
      30.665008544921875,
      29.481107711791992,
      39.465572357177734,
      53.50128936767578,
      16.459379196166992,
      28.408939361572266,
      19.663759231567383
    ],
    "episode_lengths": [
      31,
      25,
      18,
      27,
      60,
      15,
      19,
      25,
      23,
      14,
      25,
      35,
      22,
      11,
      20,
      24,
      19,
      25,
      18,
      20,
      33,
      13,
      64,
      20,
      24,
      23,
      27,
      11,
      19,
      20,
      42,
      10,
      18,
      14,
      35,
      26,
      21,
      24,
      28,
      15,
      19,
      14,
      12,
      28,
      27,
      36,
      49,
      17,
      26,
      18
    ],
    "group_performances_history": [
      [
        0.0,
        3.367786407470703,
        0.0,
        0.0
      ],
      [
        0.0,
        5.756714820861816,
        0.0,
        0.0
      ],
      [
        0.0,
        7.141351056098938,
        0.0,
        0.0
      ],
      [
        0.0,
        9.378066914081574,
        0.0,
        0.0
      ],
      [
        0.0,
        14.878282359361648,
        0.0,
        0.0
      ],
      [
        0.0,
        15.02972645561695,
        0.0,
        0.0
      ],
      [
        0.0,
        15.601124909527302,
        0.0,
        0.0
      ],
      [
        0.0,
        16.777914178675893,
        0.0,
        0.0
      ],
      [
        0.0,
        17.627088855779007,
        0.0,
        0.0
      ],
      [
        0.0,
        17.395043222077938,
        0.0,
        0.0
      ],
      [
        0.0,
        18.378080470533597,
        0.0,
        0.0
      ],
      [
        0.0,
        20.370199629519668,
        0.0,
        0.0
      ],
      [
        0.0,
        20.735872938204665,
        0.0,
        0.0
      ],
      [
        0.0,
        19.853443819852643,
        0.0,
        0.0
      ],
      [
        0.0,
        20.059527383958077,
        0.0,
        0.0
      ],
      [
        0.0,
        20.55520948175917,
        0.0,
        0.0
      ],
      [
        0.0,
        20.56107702616748,
        0.0,
        0.0
      ],
      [
        0.0,
        21.12473245946077,
        0.0,
        0.0
      ],
      [
        0.0,
        20.97870883185423,
        0.0,
        0.0
      ],
      [
        0.0,
        21.07072904859862,
        0.0,
        0.0
      ],
      [
        0.0,
        22.55101724107457,
        0.0,
        0.0
      ],
      [
        0.0,
        21.704601439589794,
        0.0,
        0.0
      ],
      [
        0.0,
        26.39972423859346,
        0.0,
        0.0
      ],
      [
        0.0,
        25.949791449438706,
        0.0,
        0.0
      ],
      [
        0.0,
        25.972352425573327,
        0.0,
        0.0
      ],
      [
        0.0,
        25.89572179345911,
        0.0,
        0.0
      ],
      [
        0.0,
        26.262983215111124,
        0.0,
        0.0
      ],
      [
        0.0,
        24.72631978892472,
        0.0,
        0.0
      ],
      [
        0.0,
        24.32674045476186,
        0.0,
        0.0
      ],
      [
        0.0,
        24.081547097380767,
        0.0,
        0.0
      ],
      [
        0.0,
        26.16174802423937,
        0.0,
        0.0
      ],
      [
        0.0,
        24.63849030650934,
        0.0,
        0.0
      ],
      [
        0.0,
        24.13084569022608,
        0.0,
        0.0
      ],
      [
        0.0,
        23.239816747119,
        0.0,
        0.0
      ],
      [
        0.0,
        24.735186268696165,
        0.0,
        0.0
      ],
      [
        0.0,
        25.093176278301158,
        0.0,
        0.0
      ],
      [
        0.0,
        24.877659719730687,
        0.0,
        0.0
      ],
      [
        0.0,
        25.000955559204762,
        0.0,
        0.0
      ],
      [
        0.0,
        25.564738539508653,
        0.0,
        0.0
      ],
      [
        0.0,
        24.643675352023546,
        0.0,
        0.0
      ],
      [
        0.0,
        24.251007674532985,
        0.0,
        0.0
      ],
      [
        0.0,
        23.35153881168174,
        0.0,
        0.0
      ],
      [
        0.0,
        22.31863197793788,
        0.0,
        0.0
      ],
      [
        0.0,
        23.153269682319994,
        0.0,
        0.0
      ],
      [
        0.0,
        23.78605353295091,
        0.0,
        0.0
      ],
      [
        0.0,
        25.35400546305731,
        0.0,
        0.0
      ],
      [
        0.0,
        28.16873404425402,
        0.0,
        0.0
      ],
      [
        0.0,
        26.997798559445318,
        0.0,
        0.0
      ],
      [
        0.0,
        27.13891268734173,
        0.0,
        0.0
      ],
      [
        0.0,
        26.391397365606153,
        0.0,
        0.0
      ]
    ]
  }
}