{
  "episode": 100,
  "episode_rewards": [
    22.918241500854492,
    101.40865325927734,
    42.5684700012207,
    19.69319725036621,
    12.035414695739746,
    18.553497314453125,
    18.567588806152344,
    26.165142059326172,
    20.752552032470703,
    10.846840858459473,
    22.928268432617188,
    17.424781799316406,
    26.288984298706055,
    25.05111312866211,
    19.723482131958008,
    42.61813735961914,
    80.9306869506836,
    18.590377807617188,
    56.459075927734375,
    14.190810203552246,
    34.97350311279297,
    13.082006454467773,
    26.281089782714844,
    19.6102237701416,
    27.38919448852539,
    16.288330078125,
    15.183601379394531,
    38.2154655456543,
    16.354129791259766,
    13.05742073059082,
    27.41324234008789,
    39.23936080932617,
    48.13895797729492,
    24.002912521362305,
    20.689273834228516,
    21.821048736572266,
    17.50382423400879,
    27.288593292236328,
    32.62671661376953,
    16.22942352294922,
    20.658340454101562,
    33.986976623535156,
    32.87684631347656,
    29.53433609008789,
    17.494234085083008,
    11.879517555236816,
    41.397911071777344,
    14.16901683807373,
    13.069305419921875,
    15.258828163146973,
    11.946540832519531,
    15.240988731384277,
    26.337665557861328,
    10.854820251464844,
    30.631378173828125,
    48.05634689331055,
    28.375513076782227,
    18.550220489501953,
    24.032222747802734,
    34.87016677856445,
    15.255569458007812,
    73.97880554199219,
    27.2393741607666,
    16.270063400268555,
    28.320945739746094,
    9.778510093688965,
    13.023852348327637,
    14.202836990356445,
    21.763641357421875,
    26.23482322692871,
    14.069832801818848,
    10.802202224731445,
    31.70253562927246,
    22.764368057250977,
    14.14624309539795,
    16.441814422607422,
    21.782001495361328,
    27.29996109008789,
    17.38197898864746,
    23.983341217041016,
    13.068015098571777,
    9.76117992401123,
    25.10262680053711,
    18.50468635559082,
    14.128973960876465,
    15.291154861450195,
    41.476139068603516,
    26.27465057373047,
    43.753074645996094,
    25.11604118347168,
    51.215362548828125,
    15.312309265136719,
    22.89406394958496,
    58.07725143432617,
    58.00093078613281,
    20.769338607788086,
    30.665332794189453,
    28.399728775024414,
    19.61589241027832,
    28.43216323852539,
    47.05924606323242
  ],
  "episode_lengths": [
    21,
    93,
    39,
    18,
    11,
    17,
    18,
    24,
    20,
    10,
    21,
    16,
    24,
    24,
    19,
    40,
    74,
    17,
    52,
    13,
    32,
    12,
    24,
    18,
    25,
    15,
    14,
    35,
    15,
    12,
    25,
    36,
    44,
    22,
    19,
    20,
    16,
    25,
    30,
    15,
    19,
    31,
    30,
    27,
    16,
    11,
    39,
    14,
    12,
    15,
    11,
    14,
    25,
    10,
    28,
    44,
    26,
    17,
    22,
    32,
    14,
    68,
    25,
    15,
    26,
    10,
    12,
    13,
    20,
    24,
    13,
    10,
    30,
    21,
    13,
    15,
    21,
    26,
    16,
    23,
    12,
    9,
    24,
    18,
    13,
    14,
    38,
    24,
    40,
    23,
    48,
    14,
    22,
    53,
    54,
    19,
    28,
    27,
    18,
    26,
    43
  ],
  "group_performances": [
    [
      0.0,
      0.0,
      2.2918241024017334,
      0.0
    ],
    [
      0.0,
      0.0,
      12.203507018089294,
      0.0
    ],
    [
      0.0,
      0.0,
      15.240003221035003,
      0.0
    ],
    [
      0.0,
      0.0,
      15.685322600126266,
      0.0
    ],
    [
      0.0,
      0.0,
      15.32033185737133,
      0.0
    ],
    [
      0.0,
      0.0,
      15.643648450763227,
      0.0
    ],
    [
      0.0,
      0.0,
      15.936042557827712,
      0.0
    ],
    [
      0.0,
      0.0,
      16.958952507977557,
      0.0
    ],
    [
      0.0,
      0.0,
      17.338312412743157,
      0.0
    ],
    [
      0.0,
      0.0,
      16.689165304998504,
      0.0
    ],
    [
      0.0,
      0.0,
      17.31307566544409,
      0.0
    ],
    [
      0.0,
      0.0,
      17.324246350356894,
      0.0
    ],
    [
      0.0,
      0.0,
      18.220720097508092,
      0.0
    ],
    [
      0.0,
      0.0,
      18.903759543674642,
      0.0
    ],
    [
      0.0,
      0.0,
      18.98573180250298,
      0.0
    ],
    [
      0.0,
      0.0,
      21.348972262847163,
      0.0
    ],
    [
      0.0,
      0.0,
      27.307144113100534,
      0.0
    ],
    [
      0.0,
      0.0,
      26.43546745871034,
      0.0
    ],
    [
      0.0,
      0.0,
      29.43782859171504,
      0.0
    ],
    [
      0.0,
      0.0,
      27.913126824424335,
      0.0
    ],
    [
      0.0,
      0.0,
      28.619164596312345,
      0.0
    ],
    [
      0.0,
      0.0,
      27.06544885365346,
      0.0
    ],
    [
      0.0,
      0.0,
      26.9870129465596,
      0.0
    ],
    [
      0.0,
      0.0,
      26.2493340289178,
      0.0
    ],
    [
      0.0,
      0.0,
      26.363320122562275,
      0.0
    ],
    [
      0.0,
      0.0,
      25.355821165802265,
      0.0
    ],
    [
      0.0,
      0.0,
      24.338599187161492,
      0.0
    ],
    [
      0.0,
      0.0,
      25.726285823010773,
      0.0
    ],
    [
      0.0,
      0.0,
      24.789070291361245,
      0.0
    ],
    [
      0.0,
      0.0,
      23.615905406809777,
      0.0
    ],
    [
      0.0,
      0.0,
      23.99563905245387,
      0.0
    ],
    [
      0.0,
      0.0,
      25.520011275824817,
      0.0
    ],
    [
      0.0,
      0.0,
      27.781905850604396,
      0.0
    ],
    [
      0.0,
      0.0,
      27.40400646999647,
      0.0
    ],
    [
      0.0,
      0.0,
      26.732533349470824,
      0.0
    ],
    [
      0.0,
      0.0,
      26.241384840497254,
      0.0
    ],
    [
      0.0,
      0.0,
      25.36762877984841,
      0.0
    ],
    [
      0.0,
      0.0,
      25.559725326454632,
      0.0
    ],
    [
      0.0,
      0.0,
      26.26642450286984,
      0.0
    ],
    [
      0.0,
      0.0,
      25.26272438103592,
      0.0
    ],
    [
      0.0,
      0.0,
      24.802285988342483,
      0.0
    ],
    [
      0.0,
      0.0,
      25.720755004178034,
      0.0
    ],
    [
      0.0,
      0.0,
      26.436364182791603,
      0.0
    ],
    [
      0.0,
      0.0,
      26.74616151657238,
      0.0
    ],
    [
      0.0,
      0.0,
      25.820968749581585,
      0.0
    ],
    [
      0.0,
      0.0,
      24.426823677830825,
      0.0
    ],
    [
      0.0,
      0.0,
      26.123932321858046,
      0.0
    ],
    [
      0.0,
      0.0,
      24.92844079732147,
      0.0
    ],
    [
      0.0,
      0.0,
      23.74252725958151,
      0.0
    ],
    [
      0.0,
      0.0,
      22.894157373779915,
      0.0
    ],
    [
      0.0,
      0.0,
      21.799395743495737,
      0.0
    ],
    [
      0.0,
      0.0,
      21.143555042284593,
      0.0
    ],
    [
      0.0,
      0.0,
      21.662966189209698,
      0.0
    ],
    [
      0.0,
      0.0,
      20.582151571593354,
      0.0
    ],
    [
      0.0,
      0.0,
      21.587074184133115,
      0.0
    ],
    [
      0.0,
      0.0,
      24.234001741153154,
      0.0
    ],
    [
      0.0,
      0.0,
      24.648152922399778,
      0.0
    ],
    [
      0.0,
      0.0,
      24.038359702951855,
      0.0
    ],
    [
      0.0,
      0.0,
      24.03774605512066,
      0.0
    ],
    [
      0.0,
      0.0,
      25.12098812746504,
      0.0
    ],
    [
      0.0,
      0.0,
      24.13444623667746,
      0.0
    ],
    [
      0.0,
      0.0,
      29.11888216720893,
      0.0
    ],
    [
      0.0,
      0.0,
      28.93093146193213,
      0.0
    ],
    [
      0.0,
      0.0,
      27.664844727291346,
      0.0
    ],
    [
      0.0,
      0.0,
      27.730454923904254,
      0.0
    ],
    [
      0.0,
      0.0,
      25.935260464724585,
      0.0
    ],
    [
      0.0,
      0.0,
      24.644119629243033,
