{
  "training_config": {
    "env_name": "CartPole-v1",
    "max_episode_length": 500,
    "group_size": 8,
    "num_groups": 4,
    "group_update_frequency": 10,
    "learning_rate": 0.0003,
    "gamma": 0.99,
    "lambda_gae": 0.95,
    "clip_ratio": 0.2,
    "value_loss_coef": 0.5,
    "entropy_coef": 0.01,
    "num_episodes": 100,
    "batch_size": 64,
    "num_epochs": 4,
    "noise_std": 0.1,
    "transition_noise": 0.05,
    "reward_noise": 0.02,
    "log_interval": 50,
    "save_interval": 100,
    "log_dir": "logs"
  },
  "final_statistics": {
    "total_episodes": 100,
    "final_avg_reward": 28.129037857055664,
    "final_avg_length": 25.9,
    "max_reward": 102.5450439453125,
    "min_reward": 8.6876802444458,
    "reward_std": 17.910423278808594,
    "final_group_performances": [
      0.0,
      0.0,
      30.56562852523676,
      0.0
    ],
    "best_group": 2
  },
  "training_curves": {
    "episode_rewards": [
      10.817764282226562,
      48.81693649291992,
      39.51741027832031,
      28.371183395385742,
      60.279354095458984,
      21.833925247192383,
      25.07677459716797,
      27.31877899169922,
      9.79498291015625,
      8.73925495147705,
      14.175196647644043,
      16.345584869384766,
      17.5239200592041,
      14.16598892211914,
      45.939273834228516,
      16.387374877929688,
      11.966136932373047,
      13.083955764770508,
      43.657047271728516,
      16.37122344970703,
      19.65658187866211,
      8.6876802444458,
      16.456649780273438,
      26.2119197845459,
      35.03538513183594,
      15.32003402709961,
      16.340295791625977,
      48.107200622558594,
      49.24117660522461,
      56.772647857666016,
      40.4216423034668,
      11.93112564086914,
      26.102863311767578,
      13.09716796875,
      39.34961700439453,
      19.67054557800293,
      42.5281867980957,
      15.190929412841797,
      11.979249000549316,
      32.7196159362793,
      24.01706886291504,
      50.36676025390625,
      17.378448486328125,
      33.819828033447266,
      19.70305633544922,
      15.232562065124512,
      20.741304397583008,
      27.389583587646484,
      26.16847801208496,
      13.130019187927246,
      16.273508071899414,
      21.819196701049805,
      22.90625,
      25.198179244995117,
      16.345321655273438,
      15.271279335021973,
      14.115047454833984,
      10.886985778808594,
      13.038097381591797,
      28.371313095092773,
      26.187997817993164,
      15.25117301940918,
      22.973142623901367,
      55.59659194946289,
      57.99830627441406,
      76.43505859375,
      69.66121673583984,
      41.38433837890625,
      55.6695442199707,
      17.39215660095215,
      24.03004264831543,
      13.022974967956543,
      25.26130485534668,
      23.98680305480957,
      52.3948860168457,
      46.81093215942383,
      22.922021865844727,
      41.56025695800781,
      11.932798385620117,
      20.755632400512695,
      66.67781829833984,
      16.33462142944336,
      41.58094787597656,
      14.11495590209961,
      24.081314086914062,
      36.125064849853516,
      16.298486709594727,
      102.5450439453125,
      14.100190162658691,
      39.34454345703125,
      28.446035385131836,
      25.089908599853516,
      15.200735092163086,
      20.726781845092773,
      14.151506423950195,
      20.731407165527344,
      14.155061721801758,
      18.675783157348633,
      11.936269760131836,
      84.18505096435547
    ],
    "episode_lengths": [
      10,
      45,
      36,
      26,
      55,
      20,
      24,
      25,
      9,
      8,
      14,
      15,
      16,
      13,
      42,
      15,
      11,
      12,
      40,
      16,
      18,
      8,
      15,
      25,
      32,
      14,
      15,
      44,
      45,
      52,
      37,
      11,
      24,
      12,
      36,
      18,
      39,
      14,
      11,
      30,
      22,
      46,
      16,
      31,
      18,
      14,
      19,
      25,
      24,
      12,
      15,
      21,
      21,
      24,
      15,
      14,
      13,
      10,
      13,
      26,
      25,
      14,
      21,
      51,
      53,
      70,
      64,
      38,
      51,
      16,
      22,
      13,
      23,
      23,
      48,
      43,
      21,
      38,
      11,
      19,
      61,
      15,
      38,
      13,
      22,
      34,
      15,
      95,
      13,
      36,
      26,
      23,
      14,
      19,
      13,
      19,
      13,
      17,
      11,
      78
    ],