{
  "training_config": {
    "env_name": "CartPole-v1",
    "max_episode_length": 500,
    "group_size": 8,
    "num_groups": 4,
    "group_update_frequency": 10,
    "learning_rate": 0.0003,
    "gamma": 0.99,
    "lambda_gae": 0.95,
    "clip_ratio": 0.2,
    "value_loss_coef": 0.5,
    "entropy_coef": 0.01,
    "num_episodes": 50,
    "batch_size": 64,
    "num_epochs": 4,
    "noise_std": 0.1,
    "transition_noise": 0.05,
    "reward_noise": 0.02,
    "log_interval": 50,
    "save_interval": 100,
    "log_dir": "logs"
  },
  "final_statistics": {
    "total_episodes": 50,
    "final_avg_reward": 22.876310348510742,
    "final_avg_length": 21.14,
    "max_reward": 92.82364654541016,
    "min_reward": 8.664740562438965,
    "reward_std": 15.002652168273926,
    "final_group_performances": [
      0.0,
      27.163371785577972,
      0.0,
      0.0
    ],
    "best_group": 1
  },
  "training_curves": {
    "episode_rewards": [
      19.672012329101562,
      8.664740562438965,
      20.692678451538086,
      9.779390335083008,
      19.64668846130371,
      13.028881072998047,
      28.291105270385742,
      17.405805587768555,
      16.417238235473633,
      17.377206802368164,
      35.97825241088867,
      17.390499114990234,
      19.60594940185547,
      30.65704345703125,
      10.880711555480957,
      22.877050399780273,
      9.829747200012207,
      14.108623504638672,
      24.010160446166992,
      36.140846252441406,
      19.627670288085938,
      19.66552734375,
      10.855548858642578,
      20.643142700195312,
      41.4305305480957,
      12.017064094543457,
      92.82364654541016,
      26.224233627319336,
      16.32728385925293,
      17.46627426147461,
      27.368703842163086,
      16.24534797668457,
      24.093050003051758,
      18.542327880859375,
      15.139435768127441,
      17.438737869262695,
      15.23686695098877,
      11.930853843688965,
      39.270328521728516,
      12.979076385498047,
      18.62319564819336,
      15.238524436950684,
      16.25222396850586,
      14.173185348510742,
      12.9996337890625,
      51.2902946472168,
      38.3857536315918,
      21.786909103393555,
      68.67485046386719,
      18.610734939575195
    ],
    "episode_lengths": [
      18,
      9,
      19,
      9,
      18,
      12,
      26,
      16,
      15,
      16,
      33,
      16,
      18,
      29,
      10,
      21,
      9,
      13,
      22,
      33,
      18,
      18,
      10,
      19,
      38,
      12,
      86,
      24,
      15,
      16,
      25,
      15,
      22,
      18,
      14,
      16,
      14,
      11,
      36,
      12,
      17,
      14,
      15,
      14,
      13,
      47,
      35,
      20,
      63,
      18
    ],
    "group_performances_history": [
      [
        0.0,
        1.9672012329101562,
        0.0,
        0.0
      ],
      [
        0.0,
        2.636955201625824,
        0.0,
        0.0
      ],
      [
        0.0,
        4.442527669668198,
        0.0,
        0.0
      ],
      [
        0.0,
        4.9762139719724665,
        0.0,
        0.0
      ],
      [
        0.0,
        6.443261444747449,
        0.0,
        0.0
      ],
      [
        0.0,
        7.101823455256225,
        0.0,
        0.0
      ],
      [
        0.0,
        9.220751732136609,
        0.0,
        0.0
      ],
      [
        0.0,
        10.039257117699805,
        0.0,
        0.0
      ],
      [
        0.0,
        10.677055277160903,
        0.0,
        0.0
      ],
      [
        0.0,
        11.347070477365346,
        0.0,
        0.0
      ],
      [
        0.0,
        13.810188718401395,
        0.0,
        0.0
      ],
      [
        0.0,
        14.16821975806028,
        0.0,
        0.0
      ],
      [
        0.0,
        14.711992793965372,
        0.0,
        0.0
      ],
      [
        0.0,
        16.30649786027196,
        0.0,
        0.0
      ],
      [
        0.0,
        15.763919301318435,
        0.0,
        0.0
      ],
      [
        0.0,
        16.475232554215765,
        0.0,
        0.0
      ],
      [
        0.0,
        15.81068400687448,
        0.0,
        0.0
      ],
      [
        0.0,
        15.640477932809041,
        0.0,
        0.0
      ],
      [
        0.0,
        16.47744613646112,
        0.0,
        0.0
      ],
      [
        0.0,
        18.44378624342658,
        0.0,
        0.0
      ],
      [
        0.0,
        18.56217462405066,
        0.0,
        0.0
      ],
      [
        0.0,
        18.672509896020593,
        0.0,
        0.0
      ],
      [
        0.0,
        17.890813863808365,
        0.0,
        0.0
      ],
      [
        0.0,
        18.16604684281449,
        0.0,
        0.0
      ],
      [
        0.0,
        20.492495213342615,
        0.0,
        0.0
      ],
      [
        0.0,
        19.6449521014627,
        0.0,
        0.0
      ],
      [
        0.0,
        26.96282173659231,
        0.0,
        0.0
      ],
      [
        0.0,
        26.88896297334873,
        0.0,
        0.0
      ],
      [
        0.0,
        25.832795133464725,
        0.0,
        0.0
      ],
      [
        0.0,
        24.99614307010757,
        0.0,
        0.0
      ],
      [
        0.0,
        25.23339929036427,
        0.0,
        0.0
      ],
      [
        0.0,
        24.334594206680016,
        0.0,
        0.0
      ],
      [
        0.0,
        24.310439881684623,
        0.0,
        0.0
      ],
      [
        0.0,
        23.7336286816021,
        0.0,
        0.0
      ],
      [
        0.0,
        22.874209366412774,
        0.0,
        0.0
      ],
      [
        0.0,
        22.330662264381484,
        0.0,
        0.0
      ],
      [
        0.0,
        21.621282804567787,
        0.0,
        0.0
      ],
      [
        0.0,
        20.652239956163623,
        0.0,
        0.0
      ],
      [
        0.0,
        22.514048908087545,
        0.0,
        0.0
      ],
      [
        0.0,
        21.56055172735417,
        0.0,
        0.0
      ],
      [
        0.0,
        21.266816143279947,
        0.0,
        0.0
      ],
      [
        0.0,
        20.66398699648888,
        0.0,
        0.0
      ],
      [
        0.0,
        20.222810741374296,
        0.0,
        0.0
      ],
      [
        0.0,
        19.617848249771658,
        0.0,
        0.0
      ],
      [
        0.0,
        18.956026779858885,
        0.0,
        0.0
      ],
      [
        0.0,
        22.18945385269697,
        0.0,
        0.0
      ],
      [
        0.0,
        23.809083830586456,
        0.0,
        0.0
      ],
      [
        0.0,
        23.606866357867165,
        0.0,
        0.0
      ],
      [
        0.0,
        28.113664768467167,
        0.0,
        0.0
      ],
      [
        0.0,
        27.163371785577972,
        0.0,
        0.0
      ]
    ]
  }
}